Article,Link,Date
十三届全国政协教科卫体委员会副主任刘慧接受中央纪委国家监委纪律审查和监察调查,https://www.ccdi.gov.cn/toutiaon/202507/t20250718_435373.html,2025-07-18
陕西省西安市人大常委会党组书记、主任韩松接受中央纪委国家监委纪律审查和监察调查,https://www.ccdi.gov.cn/toutiaon/202507/t20250714_434374.html,2025-07-14
湖北省政协原党组成员、副主席周先旺接受中央纪委国家监委纪律审查和监察调查,https://www.ccdi.gov.cn/toutiaon/202507/t20250708_433089.html,2025-07-08
原中国中化集团有限公司党组成员、副总经理冯志斌接受中央纪委国家监委纪律审查和监察调查,https://www.ccdi.gov.cn/toutiaon/202507/t20250704_432566.html,2025-07-04
中国东方航空集团有限公司原党组书记、董事长刘绍勇接受中央纪委国家监委纪律审查和监察调查,https://www.ccdi.gov.cn/toutiaon/202506/t20250628_431325.html,2025-06-28
海南省委常委、秘书长倪强接受中央纪委国家监委纪律审查和监察调查,https://www.ccdi.gov.cn/toutiaon/202506/t20250625_430717.html,2025-06-25
国家中医药管理局原局长于文明接受国家监委监察调查,https://www.ccdi.gov.cn/toutiaon/202506/t20250622_430023.html,2025-06-22
江西省政协原党组成员、副主席胡幼桃接受中央纪委国家监委纪律审查和监察调查,https://www.ccdi.gov.cn/scdcn/zggb/zjsc/202506/t20250619_429652.html,2025-06-19
广西壮族自治区政协原党组成员、副主席彭晓春接受中央纪委国家监委纪律审查和监察调查,https://www.ccdi.gov.cn/scdcn/zggb/zjsc/202506/t20250616_428784.html,2025-06-16
交通运输部党组成员，国家铁路局党组书记、局长费东斌接受中央纪委国家监委纪律审查和监察调查,https://www.ccdi.gov.cn/scdcn/zggb/zjsc/202506/t20250612_428314.html,2025-06-12
原中央防范和处理邪教问题领导小组办公室副主任高以忱接受中央纪委国家监委纪律审查和监察调查,https://www.ccdi.gov.cn/toutiaon/202506/t20250609_427467.html,2025-06-09
十四届全国政协常委、经济委员会副主任毕井泉接受中央纪委国家监委纪律审查和监察调查,https://www.ccdi.gov.cn/scdcn/zggb/zjsc/202505/t20250529_425837.html,2025-05-29
国家国防科技工业局原党组成员、副局长张建华接受中央纪委国家监委纪律审查和监察调查,https://www.ccdi.gov.cn/toutiaon/202505/t20250528_425418.html,2025-05-28
陕西省政协副主席刘宽忍接受国家监委监察调查,https://www.ccdi.gov.cn/toutiaon/202505/t20250525_424844.html,2025-05-25
四川省政府党组成员、副省长、省公安厅厅长叶寒冰接受中央纪委国家监委纪律审查和监察调查,https://www.ccdi.gov.cn/toutiaon/202505/t20250521_424132.html,2025-05-21
广西壮族自治区党委副书记、自治区政府主席蓝天立接受中央纪委国家监委纪律审查和监察调查,https://www.ccdi.gov.cn/toutiaon/202505/t20250516_423287.html,2025-05-16
国家林业和草原局原党组成员、副局长李春良接受中央纪委国家监委纪律审查和监察调查,https://www.ccdi.gov.cn/toutiaon/202505/t20250513_422609.html,2025-05-13
中国一重集团有限公司党委常委、副总经理陆文俊接受中央纪委国家监委纪律审查和监察调查,https://www.ccdi.gov.cn/toutiaon/202505/t20250509_422021.html,2025-05-09
中国证券监督管理委员会党委委员、副主席王建军接受中央纪委国家监委纪律审查和监察调查,https://www.ccdi.gov.cn/scdcn/zggb/zjsc/202504/t20250430_420820.html,2025-04-30
四川省人大常委会原党组成员、副主任宋朝华接受中央纪委国家监委纪律审查和监察调查,https://www.ccdi.gov.cn/toutiaon/202504/t20250425_419509.html,2025-04-25
十四届全国政协教科卫体委员会副主任杨小伟接受中央纪委国家监委纪律审查和监察调查,https://www.ccdi.gov.cn/toutiaon/202504/t20250417_417614.html,2025-04-17
山西省委副书记、省长金湘军接受中央纪委国家监委纪律审查和监察调查,https://www.ccdi.gov.cn/scdcn/zggb/zjsc/202504/t20250412_416626.html,2025-04-12
江苏省南京市人大常委会党组书记、主任龙翔接受中央纪委国家监委纪律审查和监察调查,https://www.ccdi.gov.cn/toutiaon/202504/t20250403_415016.html,2025-04-03
重庆市政协党组成员、副主席段成刚接受中央纪委国家监委纪律审查和监察调查,https://www.ccdi.gov.cn/toutiaon/202503/t20250331_414176.html,2025-03-31
国家发展和改革委员会原党组成员、副主任徐宪平接受中央纪委国家监委纪律审查和监察调查,https://www.ccdi.gov.cn/toutiaon/202503/t20250327_413528.html,2025-03-27
中央纪委国家监委驻中国证券监督管理委员会纪检监察组原组长、中国证券监督管理委员会原党...,https://www.ccdi.gov.cn/toutiaon/202503/t20250321_412525.html,2025-03-21
云南省人大常委会党组成员、副主任李文荣接受中央纪委国家监委纪律审查和监察调查,https://www.ccdi.gov.cn/toutiaon/202503/t20250318_411607.html,2025-03-18
天津市委常委、组织部部长周德睿接受中央纪委国家监委纪律审查和监察调查,https://www.ccdi.gov.cn/toutiaon/202503/t20250313_410741.html,2025-03-13
中国海洋石油集团有限公司原党组成员、副总经理袁光宇接受中央纪委国家监委纪律审查和监察调查,https://www.ccdi.gov.cn/scdcn/zggb/zjsc/202503/t20250301_408395.html,2025-03-01
国家药品监督管理局原党组成员、副局长陈时飞接受中央纪委国家监委纪律审查和监察调查,https://www.ccdi.gov.cn/toutiaon/202502/t20250226_407727.html,2025-02-26
十四届全国人大常委会委员、农业与农村委员会副主任委员蒋超良接受中央纪委国家监委纪律审...,https://www.ccdi.gov.cn/toutiaon/202502/t20250221_406997.html,2025-02-21
内蒙古自治区政协原党组副书记、副主席王中和接受中央纪委国家监委纪律审查和监察调查,https://www.ccdi.gov.cn/scdcn/zggb/zjsc/202502/t20250216_405559.html,2025-02-16
中国兵器装备集团有限公司党组成员、副总经理刘卫东接受中央纪委国家监委纪律审查和监察调查,https://www.ccdi.gov.cn/toutiaon/202502/t20250212_404829.html,2025-02-12
安徽省政协党组成员、副主席周喜安接受中央纪委国家监委纪律审查和监察调查,https://www.ccdi.gov.cn/toutiaon/202502/t20250206_403524.html,2025-02-06
十四届全国政协常委、农业和农村委员会副主任齐扎拉接受中央纪委国家监委纪律审查和监察调查,https://www.ccdi.gov.cn/toutiaon/202501/t20250123_402121.html,2025-01-23
国家烟草专卖局原党组成员、副局长张天峰接受中央纪委国家监委纪律审查和监察调查,https://www.ccdi.gov.cn/toutiaon/202501/t20250117_401001.html,2025-01-17
广西壮族自治区人大常委会党组成员、副主任，桂林市委书记周家斌接受中央纪委国家监委纪律...,https://www.ccdi.gov.cn/scdcn/zggb/zjsc/202412/t20241228_397234.html,2024-12-28
中国大唐集团有限公司原党组副书记、总经理寇伟接受中央纪委国家监委纪律审查和监察调查,https://www.ccdi.gov.cn/scdcn/zggb/zjsc/202412/t20241222_395693.html,2024-12-21
山西省政协党组书记、主席吴存荣接受中央纪委国家监委纪律审查和监察调查,https://www.ccdi.gov.cn/toutiaon/202412/t20241216_394474.html,2024-12-16
青海省政协党组成员、副主席马丰胜接受中央纪委国家监委纪律审查和监察调查,https://www.ccdi.gov.cn/toutiaon/202412/t20241211_393429.html,2024-12-11
海南省委常委、海口市委书记罗增斌接受中央纪委国家监委纪律审查和监察调查,https://www.ccdi.gov.cn/toutiaon/202412/t20241206_392469.html,2024-12-06
上海市委常委、浦东新区区委书记朱芝松接受中央纪委国家监委纪律审查和监察调查,https://www.ccdi.gov.cn/toutiaon/202411/t20241127_390494.html,2024-11-27
中国建设银行原党委委员、副行长章更生接受中央纪委国家监委纪律审查和监察调查,https://www.ccdi.gov.cn/toutiaon/202411/t20241108_386584.html,2024-11-08
重庆市委常委、政法委书记陆克华接受中央纪委国家监委纪律审查和监察调查,https://www.ccdi.gov.cn/toutiaon/202411/t20241104_385249.html,2024-11-04
甘肃省政府副省长赵金云接受国家监委监察调查,https://www.ccdi.gov.cn/toutiaon/202410/t20241025_383404.html,2024-10-25
十三届全国政协经济委员会副主任张效廉接受中央纪委国家监委纪律审查和监察调查,https://www.ccdi.gov.cn/toutiaon/202410/t20241021_382342.html,2024-10-21
河南省人大常委会原党组副书记、副主任刘满仓接受中央纪委国家监委纪律审查和监察调查,https://www.ccdi.gov.cn/toutiaon/202410/t20241017_381590.html,2024-10-17
青海省委常委、政法委书记杨发森接受中央纪委国家监委纪律审查和监察调查,https://www.ccdi.gov.cn/toutiaon/202410/t20241014_380921.html,2024-10-14
海南省纪委副书记、省监委副主任陈笑波接受中央纪委国家监委纪律审查和监察调查,https://www.ccdi.gov.cn/toutiaon/202410/t20241010_379911.html,2024-10-10
宁夏回族自治区政协原党组书记、主席齐同生接受中央纪委国家监委纪律审查和监察调查,https://www.ccdi.gov.cn/toutiaon/202410/t20241008_379378.html,2024-10-08
中央纪委国家监委驻中央组织部纪检监察组组长李刚接受中央纪委国家监委纪律审查和监察调查,https://www.ccdi.gov.cn/toutiaon/202409/t20240930_379028.html,2024-09-30
中国联合网络通信集团有限公司党组成员、副总经理曹兴信接受中央纪委国家监委纪律审查和监...,https://www.ccdi.gov.cn/scdcn/zggb/zjsc/202409/t20240928_378400.html,2024-09-28
海关总署党委委员、副署长孙玉宁接受中央纪委国家监委纪律审查和监察调查,https://www.ccdi.gov.cn/toutiaon/202409/t20240924_377388.html,2024-09-24
教育部原党组副书记、副部长杜玉波接受中央纪委国家监委纪律审查和监察调查,https://www.ccdi.gov.cn/toutiaon/202409/t20240918_375837.html,2024-09-18
中国航空工业集团有限公司原党组书记、董事长谭瑞松接受中央纪委国家监委纪律审查和监察调查,https://www.ccdi.gov.cn/scdcn/zggb/zjsc/202408/t20240830_372038.html,2024-08-30
四川省政协原党组副书记、副主席崔保华接受中央纪委国家监委纪律审查和监察调查,https://www.ccdi.gov.cn/toutiaon/202408/t20240827_371047.html,2024-08-27
十四届全国政协人口资源环境委员会副主任李微微接受中央纪委国家监委纪律审查和监察调查,https://www.ccdi.gov.cn/toutiaon/202407/t20240729_364692.html,2024-07-29
十三届全国人大华侨委员会副主任委员罗保铭接受中央纪委国家监委纪律审查和监察调查,https://www.ccdi.gov.cn/scdcn/zggb/zjsc/202407/t20240725_364054.html,2024-07-25
云南省委常委，省政府党组副书记、副省长李石松接受中央纪委国家监委纪律审查和监察调查,https://www.ccdi.gov.cn/toutiaon/202406/t20240625_357151.html,2024-06-25
中央宣传部副部长张建春接受中央纪委国家监委纪律审查和监察调查,https://www.ccdi.gov.cn/toutiaon/202406/t20240621_356603.html,2024-06-21
江西省人大常委会原党组副书记、副主任洪礼和接受中央纪委国家监委纪律审查和监察调查,https://www.ccdi.gov.cn/toutiaon/202406/t20240619_355783.html,2024-06-19
十四届全国政协常委、文化文史和学习委员会主任吴英杰接受中央纪委国家监委纪律审查和监察调查,https://www.ccdi.gov.cn/scdcn/zggb/zjsc/202406/t20240616_355052.html,2024-06-16
甘肃省政府原党组成员、副省长杨子兴接受中央纪委国家监委纪律审查和监察调查,https://www.ccdi.gov.cn/toutiaon/202406/t20240612_354358.html,2024-06-12
中国中信集团有限公司党委委员、副总经理徐佐接受中央纪委国家监委纪律审查和监察调查,https://www.ccdi.gov.cn/toutiaon/202406/t20240609_353823.html,2024-06-09
内蒙古自治区人大常委会原党组副书记、副主任王波接受中央纪委国家监委纪律审查和监察调查,https://www.ccdi.gov.cn/toutiaon/202406/t20240603_352314.html,2024-06-03
十四届全国政协常委、民族和宗教委员会副主任苟仲文接受中央纪委国家监委纪律审查和监察调查,https://www.ccdi.gov.cn/toutiaon/202405/t20240530_351617.html,2024-05-30
国家烟草专卖局党组成员、副局长徐𬎆接受中央纪委国家监委纪律审查和监察调查,https://www.ccdi.gov.cn/scdcn/zggb/zjsc/202405/t20240529_351293.html,2024-05-25
海南省人大常委会党组副书记、副主任刘星泰接受中央纪委国家监委纪律审查和监察调查,https://www.ccdi.gov.cn/toutiaon/202405/t20240522_349564.html,2024-05-22
江苏省政协党组成员、副主席王昊接受中央纪委国家监委纪律审查和监察调查,https://www.ccdi.gov.cn/toutiaon/202405/t20240520_349136.html,2024-05-20
农业农村部党组书记、部长唐仁健接受中央纪委国家监委纪律审查和监察调查,https://www.ccdi.gov.cn/scdcn/zggb/zjsc/202405/t20240518_348888.html,2024-05-18
中国农业银行原党委委员、副行长楼文龙接受中央纪委国家监委纪律审查和监察调查,https://www.ccdi.gov.cn/toutiaon/202405/t20240516_348507.html,2024-05-16
司法部原党组成员、副部长刘志强接受中央纪委国家监委纪律审查和监察调查,https://www.ccdi.gov.cn/toutiaon/202404/t20240430_345306.html,2024-04-30
北京市政府党组成员、副市长高朋接受中央纪委国家监委纪律审查和监察调查,https://www.ccdi.gov.cn/scdcn/zggb/zjsc/202404/t20240421_342816.html,2024-04-21
广西壮族自治区党委原常委、自治区政府原副主席秦如培接受中央纪委国家监委纪律审查和监察调查,https://www.ccdi.gov.cn/toutiaon/202404/t20240416_341559.html,2024-04-16
内蒙古自治区人大常委会原党组副书记、副主任杜梓接受中央纪委国家监委纪律审查和监察调查,https://www.ccdi.gov.cn/scdcn/zggb/zjsc/202404/t20240415_341196.html,2024-04-15
中国电子科技集团有限公司党组成员、副总经理何文忠接受中央纪委国家监委纪律审查和监察调查,https://www.ccdi.gov.cn/scdcn/zggb/zjsc/202404/t20240407_339375.html,2024-04-07
贵州省纪委副书记、省监委副主任张平接受中央纪委国家监委纪律审查和监察调查,https://www.ccdi.gov.cn/toutiaon/202404/t20240403_339059.html,2024-04-03
江西省政协党组书记、主席唐一军接受中央纪委国家监委纪律审查和监察调查,https://www.ccdi.gov.cn/toutiaon/202404/t20240402_338566.html,2024-04-02
贵州省政协党组成员、副主席陈晏接受中央纪委国家监委纪律审查和监察调查,https://www.ccdi.gov.cn/toutiaon/202403/t20240325_336782.html,2024-03-25
台盟中央常务副主席李钺锋接受国家监委监察调查,https://www.ccdi.gov.cn/toutiaon/202403/t20240323_336494.html,2024-03-23
新疆维吾尔自治区政协党组成员、副主席窦万贵接受中央纪委国家监委纪律审查和监察调查,https://www.ccdi.gov.cn/toutiaon/202403/t20240320_335633.html,2024-03-20
第十三届全国政协委员刘跃进（副部长级）接受中央纪委国家监委纪律审查和监察调查,https://www.ccdi.gov.cn/scdcn/zggb/zjsc/202403/t20240318_335129.html,2024-03-18
黑龙江省人大常委会党组成员、副主任李显刚接受中央纪委国家监委纪律审查和监察调查,https://www.ccdi.gov.cn/scdcn/zggb/zjsc/202403/t20240317_334834.html,2024-03-17
中国海洋石油集团有限公司原党组副书记、总经理李勇接受中央纪委国家监委纪律审查和监察调查,https://www.ccdi.gov.cn/toutiaon/202403/t20240315_334677.html,2024-03-15
国家开发银行原党委委员、副行长李吉平接受中央纪委国家监委纪律审查和监察调查,https://www.ccdi.gov.cn/scdcn/zggb/zjsc/202403/t20240313_334023.html,2024-03-13
云南省政府原党组成员、副省长张祖林接受中央纪委国家监委审查调查,https://www.ccdi.gov.cn/toutiaon/202403/t20240301_331613.html,2024-03-01
江西省政协原党组成员、副主席胡强接受中央纪委国家监委纪律审查和监察调查,https://www.ccdi.gov.cn/scdcn/zggb/zjsc/202402/t20240221_329292.html,2024-02-21
中国南方电网有限责任公司党组成员、纪检监察组组长龙飞接受中央纪委国家监委纪律审查和监...,https://www.ccdi.gov.cn/toutiaon/202402/t20240205_327227.html,2024-02-05
中国石油天然气集团有限公司原党组书记、董事长王宜林接受中央纪委国家监委纪律审查和监察调查,https://www.ccdi.gov.cn/scdcn/zggb/zjsc/202402/t20240202_326497.html,2024-02-02
西藏自治区政府党组成员、副主席王勇接受中央纪委国家监委纪律审查和监察调查,https://www.ccdi.gov.cn/scdcn/zggb/zjsc/202401/t20240129_325360.html,2024-01-29
湖南省政协原党组副书记、副主席戴道晋接受中央纪委国家监委纪律审查和监察调查,https://www.ccdi.gov.cn/scdcn/zggb/zjsc/202401/t20240126_324918.html,2024-01-26
福建省人大常委会原党组副书记、副主任苏增添接受中央纪委国家监委审查调查,https://www.ccdi.gov.cn/scdcn/zggb/zjsc/202401/t20240121_323527.html,2024-01-21
湖南省人大常委会党组成员、副主任彭国甫接受中央纪委国家监委纪律审查和监察调查,https://www.ccdi.gov.cn/toutiaon/202401/t20240110_321173.html,2024-01-10
中国地质调查局原党组书记、局长钟自然接受中央纪委国家监委纪律审查和监察调查,https://www.ccdi.gov.cn/scdcn/zggb/zjsc/202401/t20240102_319010.html,2024-01-02
新疆维吾尔自治区党委原副书记李鹏新接受中央纪委国家监委纪律审查和监察调查,https://www.ccdi.gov.cn/toutiaon/202312/t20231211_313481.html,2023-12-11
河北省纪委副书记、省监委副主任陈玉祥接受中央纪委国家监委纪律审查和监察调查,https://www.ccdi.gov.cn/toutiaon/202312/t20231209_313308.html,2023-12-09
黑龙江省委常委、副省长王一新接受中央纪委国家监委纪律审查和监察调查,https://www.ccdi.gov.cn/toutiaon/202312/t20231208_313084.html,2023-12-08
四川省政协原党组成员、副主席杨克宁接受中央纪委国家监委纪律审查和监察调查,https://www.ccdi.gov.cn/scdcn/zggb/zjsc/202311/t20231116_308079.html,2023-11-16
中粮集团有限公司原党组成员、副总经理周政接受中央纪委国家监委纪律审查和监察调查,https://www.ccdi.gov.cn/scdcn/zggb/zjsc/202311/t20231108_306102.html,2023-11-08
中国工商银行原党委委员、副行长张红力接受中央纪委国家监委纪律审查和监察调查,https://www.ccdi.gov.cn/scdcn/zggb/zjsc/202311/t20231104_305122.html,2023-11-04
国家烟草专卖局原党组书记、局长凌成兴接受中央纪委国家监委纪律审查和监察调查,https://www.ccdi.gov.cn/toutiaon/202310/t20231023_302057.html,2023-10-23
广西壮族自治区人大常委会原党组副书记、副主任张秀隆接受中央纪委国家监委纪律审查和监察调查,https://www.ccdi.gov.cn/scdcn/zggb/zjsc/202310/t20231021_301827.html,2023-10-21
陕西省政协原党组书记、主席韩勇接受中央纪委国家监委纪律审查和监察调查,https://www.ccdi.gov.cn/yaowenn/202310/t20231019_301459.html,2023-10-19
黑龙江省政协党组成员、副主席李海涛接受中央纪委国家监委纪律审查和监察调查,https://www.ccdi.gov.cn/scdcn/zggb/zjsc/202309/t20230916_294153.html,2023-09-16
中国工商银行原党委委员、纪委书记刘立宪接受中央纪委国家监委纪律审查和监察调查,https://www.ccdi.gov.cn/yaowenn/202309/t20230915_294049.html,2023-09-15
最高人民法院审判委员会原委员、民事审判第一庭原庭长郑学林接受中央纪委国家监委纪律审查...,https://www.ccdi.gov.cn/scdcn/zggb/zjsc/202309/t20230907_291980.html,2023-09-07
山西省委副书记商黎光接受中央纪委国家监委纪律审查和监察调查,https://www.ccdi.gov.cn/scdcn/zggb/zjsc/202309/t20230905_291022.html,2023-09-05
贵州省委原书记孙志刚接受中央纪委国家监委纪律审查和监察调查,https://www.ccdi.gov.cn/toutiaon/202308/t20230828_289184.html,2023-08-28
北京航空航天大学党委常委、副校长张广接受中央纪委国家监委纪律审查和监察调查,https://www.ccdi.gov.cn/toutiaon/202308/t20230806_280846.html,2023-08-06
国家开发银行原党委委员、副行长王用生接受中央纪委国家监委纪律审查和监察调查,https://www.ccdi.gov.cn/scdcn/zggb/zjsc/202307/t20230720_276946.html,2023-07-20
中国太平保险集团有限责任公司党委委员、副总经理肖星接受中央纪委国家监委纪律审查和监察调查,https://www.ccdi.gov.cn/scdcn/zggb/zjsc/202307/t20230718_276344.html,2023-07-18
中国光大集团股份公司原党委书记、董事长唐双宁接受中央纪委国家监委纪律审查和监察调查,https://www.ccdi.gov.cn/scdcn/zggb/zjsc/202307/t20230717_275865.html,2023-07-15
上海市人大常委会党组书记、主任董云虎接受中央纪委国家监委纪律审查和监察调查,https://www.ccdi.gov.cn/scdcn/zggb/zjsc/202307/t20230712_274881.html,2023-07-12
广东省人大常委会原党组成员、副主任陈继兴接受中央纪委国家监委纪律审查和监察调查,https://www.ccdi.gov.cn/toutiaon/202307/t20230709_274214.html,2023-07-09
西藏自治区政协党组成员、副主席姜杰接受中央纪委国家监委纪律审查和监察调查,https://www.ccdi.gov.cn/toutiaon/202307/t20230703_273213.html,2023-07-03
中国石油天然气集团有限公司原党组副书记、副总经理徐文荣接受中央纪委国家监委纪律审查和...,https://www.ccdi.gov.cn/toutiaon/202306/t20230625_271439.html,2023-06-25
黑龙江省政协副主席曲敏接受中央纪委国家监委纪律审查和监察调查,https://www.ccdi.gov.cn/scdcn/zggb/zjsc/202306/t20230614_269782.html,2023-06-14
陕西省人大常委会原副主任李金柱接受中央纪委国家监委纪律审查和监察调查,https://www.ccdi.gov.cn/scdcn/zggb/zjsc/202305/t20230529_266888.html,2023-05-29
国家开发银行原党委委员、副行长周清玉接受中央纪委国家监委纪律审查和监察调查,https://www.ccdi.gov.cn/toutiaon/202305/t20230519_265123.html,2023-05-19
国务院国资委原副部长级干部骆玉林接受中央纪委国家监委纪律审查和监察调查,https://www.ccdi.gov.cn/scdcn/zggb/zjsc/202305/t20230517_264539.html,2023-05-17
重庆市政府党组成员、原副市长熊雪接受中央纪委国家监委纪律审查和监察调查,https://www.ccdi.gov.cn/scdcn/zggb/zjsc/202305/t20230511_263622.html,2023-05-11
浙江省政协党组成员、副主席朱从玖接受中央纪委国家监委纪律审查和监察调查,https://www.ccdi.gov.cn/scdcn/zggb/zjsc/202305/t20230504_262227.html,2023-05-04
江苏省人大常委会原党组成员、副主任刘捍东接受中央纪委国家监委纪律审查和监察调查,https://www.ccdi.gov.cn/toutiaon/202304/t20230416_258898.html,2023-04-16
中国光大集团股份公司原党委书记、董事长李晓鹏接受中央纪委国家监委纪律审查和监察调查,https://www.ccdi.gov.cn/scdcn/zggb/zjsc/202304/t20230405_256785.html,2023-04-05
国家体育总局党组成员、副局长杜兆才接受中央纪委国家监委纪律审查和监察调查,https://www.ccdi.gov.cn/toutiaon/202304/t20230401_256238.html,2023-04-01
中国银行原党委书记、董事长刘连舸接受中央纪委国家监委纪律审查和监察调查,https://www.ccdi.gov.cn/scdcn/zggb/zjsc/202303/t20230331_256183.html,2023-03-31
江西省人大常委会党组副书记、副主任殷美根接受中央纪委国家监委纪律审查和监察调查,https://www.ccdi.gov.cn/scdcn/zggb/zjsc/202303/t20230329_255543.html,2023-03-29
山东省政协党组成员、副主席孙述涛接受中央纪委国家监委纪律审查和监察调查,https://www.ccdi.gov.cn/scdcn/zggb/zjsc/202303/t20230328_255300.html,2023-03-28
贵州省政协党组成员、原副主席李再勇接受中央纪委国家监委纪律审查和监察调查,https://www.ccdi.gov.cn/scdcn/zggb/zjsc/202303/t20230327_255150.html,2023-03-27
中央统战部原副部长、国家宗教事务局原局长崔茂虎接受中央纪委国家监委纪律审查和监察调查,https://www.ccdi.gov.cn/scdcn/zggb/zjsc/202303/t20230318_253596.html,2023-03-18
宁夏回族自治区党委原副书记、银川市委原书记姜志刚接受中央纪委国家监委纪律审查和监察调查,https://www.ccdi.gov.cn/scdcn/zggb/zjsc/202303/t20230317_253376.html,2023-03-17
重庆市人大常委会原副主任、党组原副书记郑洪接受中央纪委国家监委纪律审查和监察调查,https://www.ccdi.gov.cn/toutiaon/202303/t20230316_252950.html,2023-03-16
国家能源投资集团有限责任公司原党组成员、副总经理李东接受中央纪委国家监委纪律审查和监...,https://www.ccdi.gov.cn/scdcn/zggb/zjsc/202302/t20230208_245408.html,2023-02-08
辽宁省大连市政协主席、党组书记郝宏军接受中央纪委国家监委纪律审查和监察调查,https://www.ccdi.gov.cn/scdcn/zggb/zjsc/202302/t20230205_244731.html,2023-02-05
湖南省政协党组成员、原副主席易鹏飞接受中央纪委国家监委纪律审查和监察调查,https://www.ccdi.gov.cn/scdcn/zggb/zjsc/202302/t20230205_244732.html,2023-02-05
新疆生产建设兵团党委常委、副司令员焦小平接受中央纪委国家监委纪律审查和监察调查,https://www.ccdi.gov.cn/scdcn/zggb/zjsc/202302/t20230205_244733.html,2023-02-05
山东省青岛市政协主席汲斌昌接受中央纪委国家监委纪律审查和监察调查,https://www.ccdi.gov.cn/toutiaon/202301/t20230106_240133.html,2023-01-06
国家烟草专卖局原党组成员、副局长何泽华接受中央纪委国家监委纪律审查和监察调查,https://www.ccdi.gov.cn/toutiaon/202301/t20230106_240135.html,2023-01-06
河北省人大常委会原副主任王雪峰接受中央纪委国家监委纪律审查和监察调查,https://www.ccdi.gov.cn/toutiaon/202301/t20230106_240134.html,2023-01-06
广东省人大常委会副主任、党组副书记李春生接受中央纪委国家监委纪律审查和监察调查,https://www.ccdi.gov.cn/toutiaon/202212/t20221208_235518.html,2022-12-08
贵州省政协副主席、党组副书记周建琨接受中央纪委国家监委纪律审查和监察调查,https://www.ccdi.gov.cn/scdcn/zggb/zjsc/202211/t20221127_233379.html,2022-11-27
吉林省政协原副主席张晓霈接受中央纪委国家监委纪律审查和监察调查,https://www.ccdi.gov.cn/scdcn/zggb/zjsc/202211/t20221125_233141.html,2022-11-25
西藏自治区人大常委会副主任纪国刚接受中央纪委国家监委纪律审查和监察调查,https://www.ccdi.gov.cn/scdcn/zggb/zjsc/202211/t20221116_231279.html,2022-11-16
辽宁省沈阳市人大常委会主任付忠伟接受中央纪委国家监委纪律审查和监察调查,https://www.ccdi.gov.cn/toutiaon/202211/t20221109_229619.html,2022-11-09
应急管理部消防救援局党委委员、副局长张福生接受中央纪委国家监委纪律审查和监察调查,https://www.ccdi.gov.cn/scdcn/zggb/zjsc/202211/t20221106_229022.html,2022-11-06
中国人民银行党委委员、副行长范一飞接受中央纪委国家监委纪律审查和监察调查,https://www.ccdi.gov.cn/scdcn/zggb/zjsc/202211/t20221105_228930.html,2022-11-05
工业和信息化部党组书记、部长肖亚庆同志接受中央纪委国家监委审查调查,https://www.ccdi.gov.cn/scdcn/zggb/zjsc/202207/t20220728_207936.html,2022-07-28
国家粮食和物资储备局原党组书记、局长张务锋接受中央纪委国家监委纪律审查和监察调查,https://www.ccdi.gov.cn/scdcn/zggb/zjsc/202206/t20220615_199296.html,2022-06-15
辽宁省人大常委会副主任孙国相接受中央纪委国家监委纪律审查和监察调查,https://www.ccdi.gov.cn/scdcn/zggb/zjsc/202206/t20220602_196933.html,2022-06-02
上海市人民检察院检察长张本才接受中央纪委国家监委纪律审查和监察调查,https://www.ccdi.gov.cn/scdcn/zggb/zjsc/202206/t20220601_196568.html,2022-06-01
广东省人大常委会党组成员、副主任陈如桂接受中央纪委国家监委纪律审查和监察调查,https://www.ccdi.gov.cn/toutiaon/202206/t20220601_196264.html,2022-06-01
内蒙古自治区高级人民法院原党组书记、院长胡毅峰接受中央纪委国家监委纪律审查和监察调查,https://www.ccdi.gov.cn/scdcn/zggb/zjsc/202204/t20220422_188001.html,2022-04-22
北京市政协副主席于鲁明接受中央纪委国家监委纪律审查和监察调查,https://www.ccdi.gov.cn/scdcn/zggb/zjsc/202204/t20220416_186769.html,2022-04-16
辽宁省政协原副主席孙远良接受中央纪委国家监委纪律审查和监察调查,https://www.ccdi.gov.cn/scdcn/zggb/zjsc/202204/t20220409_185096.html,2022-04-09
青海省委常委，省人大常委会副主任、党组书记李杰翔接受中央纪委国家监委纪律审查和监察调查,https://www.ccdi.gov.cn/scdcn/zggb/zjsc/202204/t20220407_184645.html,2022-04-07
辽宁省副省长郝春荣接受中央纪委国家监委纪律审查和监察调查,https://www.ccdi.gov.cn/scdcn/zggb/zjsc/202203/t20220329_180932.html,2022-03-29
原中国铁路总公司党组书记、总经理盛光祖配合中央纪委国家监委纪律审查和监察调查,https://www.ccdi.gov.cn/scdcn/zggb/zjsc/202203/t20220325_180400.html,2022-03-25
云南省政协原党组成员、副主席黄毅接受中央纪委国家监委纪律审查和监察调查,https://www.ccdi.gov.cn/scdcn/zggb/zjsc/202203/t20220324_179983.html,2022-03-24
十三届全国政协常委、社会和法制委员会主任沈德咏接受中央纪委国家监委纪律审查和监察调查,https://www.ccdi.gov.cn/scdcn/zggb/zjsc/202203/t20220321_179180.html,2022-03-21
中央纪委国家监委驻国家安全部纪检监察组原组长刘彦平接受中央纪委国家监委纪律审查和监察调查,https://www.ccdi.gov.cn/scdcn/zggb/zjsc/202203/t20220312_177418.html,2022-03-12
辽宁省副省长、省公安厅厅长王大伟接受中央纪委国家监委纪律审查和监察调查,https://www.ccdi.gov.cn/scdcn/zggb/zjsc/202203/t20220301_174980.html,2022-03-01
福建省厦门市人大常委会原主任陈家东接受中央纪委国家监委纪律审查和监察调查,https://www.ccdi.gov.cn/scdcn/zggb/zjsc/202202/t20220225_174327.html,2022-02-25
湖北省副省长曹广晶接受中央纪委国家监委纪律审查和监察调查,https://www.ccdi.gov.cn/scdcn/zggb/zjsc/202202/t20220224_174052.html,2022-02-24
中国联合网络通信集团有限公司原党组副书记、总经理李国华接受中央纪委国家监委纪律审查和...,https://www.ccdi.gov.cn/scdcn/zggb/zjsc/202202/t20220218_172616.html,2022-02-18
河北省人大常委会原副主任谢计来接受中央纪委国家监委纪律审查和监察调查,https://www.ccdi.gov.cn/scdcn/zggb/zjsc/202201/t20220127_167425.html,2022-01-26
黑龙江省人大常委会副主任宋希斌接受中央纪委国家监委纪律审查和监察调查,https://www.ccdi.gov.cn/scdcn/zggb/zjsc/202201/t20220127_167426.html,2022-01-26
中国储备粮管理集团有限公司原党组成员、副总经理徐宝义接受中央纪委国家监委纪律审查和监...,https://www.ccdi.gov.cn/toutiaon/202201/t20220123_166405.html,2022-01-23
四川省人大常委会副主任王铭晖接受中央纪委国家监委纪律审查和监察调查,https://www.ccdi.gov.cn/scdcn/zggb/zjsc/202201/t20220122_166342.html,2022-01-22
广西自治区政府副主席刘宏武接受中央纪委国家监委纪律审查和监察调查,https://www.ccdi.gov.cn/scdcn/zggb/zjsc/202201/t20220114_164393.html,2022-01-14
中国人寿保险（集团）公司党委书记、董事长王滨接受中央纪委国家监委纪律审查和监察调查,https://www.ccdi.gov.cn/scdcn/zggb/zjsc/202201/t20220108_163096.html,2022-01-08
西藏自治区政府副主席张永泽接受中央纪委国家监委纪律审查和监察调查,https://www.ccdi.gov.cn/scdcn/zggb/zjsc/202201/t20220108_163086.html,2022-01-08
江苏省委原副书记张敬华接受中央纪委国家监委纪律审查和监察调查,https://www.ccdi.gov.cn/scdcn/zggb/zjsc/202112/t20211201_151092.html,2021-12-01
江西省人大常委会副主任龚建华接受中央纪委国家监委纪律审查和监察调查,https://www.ccdi.gov.cn/scdcn/zggb/zjsc/202111/t20211129_151091.html,2021-11-29
全国政协社会和法制委员会副主任傅政华接受中央纪委国家监委纪律审查和监察调查,https://www.ccdi.gov.cn/scdcn/zggb/zjsc/202110/t20211002_151090.html,2021-10-02
国家开发银行党委委员、副行长何兴祥接受纪律审查和监察调查,https://www.ccdi.gov.cn/scdcn/zggb/zjsc/202109/t20210909_143157.html,2021-09-09
辽宁省政协原副主席薛恒接受纪律审查和监察调查,https://www.ccdi.gov.cn/scdcn/zggb/zjsc/202108/t20210823_143156.html,2021-08-23
浙江省委常委、杭州市委书记周江勇接受纪律审查和监察调查,https://www.ccdi.gov.cn/scdcn/zggb/zjsc/202108/t20210821_143155.html,2021-08-21
原中国银行业监督管理委员会党委委员、副主席蔡鄂生接受中央纪委国家监委纪律审查和监察调查,https://www.ccdi.gov.cn/scdcn/zggb/zjsc/202107/t20210730_143154.html,2021-07-30
新疆生产建设兵团原副司令员、政法委书记杨福林接受中央纪委国家监委纪律审查和监察调查,https://www.ccdi.gov.cn/scdcn/zggb/zjsc/202107/t20210729_143153.html,2021-07-29
河北省人大常委会原副主任宋太平接受中央纪委国家监委纪律审查和监察调查,https://www.ccdi.gov.cn/scdcn/zggb/zjsc/202107/t20210725_143152.html,2021-07-25
最高人民法院审判委员会委员、执行局局长孟祥接受中央纪委国家监委纪律审查和监察调查,https://www.ccdi.gov.cn/scdcn/zggb/zjsc/202107/t20210716_143151.html,2021-07-16
原国家粮食局党组成员、副局长徐鸣接受中央纪委国家监委纪律审查和监察调查,https://www.ccdi.gov.cn/scdcn/zggb/zjsc/202107/t20210713_143150.html,2021-07-13
北京师范大学党委原书记刘川生接受中央纪委国家监委纪律审查和监察调查,https://www.ccdi.gov.cn/scdcn/zggb/zjsc/202107/t20210708_143149.html,2021-07-08
青海省人民检察院检察长蒙永山接受中央纪委国家监委纪律审查和监察调查,https://www.ccdi.gov.cn/scdcn/zggb/zjsc/202106/t20210602_143148.html,2021-06-02
河南省委常委、政法委书记甘荣坤接受中央纪委国家监委纪律审查和监察调查,https://www.ccdi.gov.cn/scdcn/zggb/zjsc/202106/t20210601_143147.html,2021-06-01
中央纪委原派驻国家烟草专卖局纪检组组长、国家烟草专卖局原党组成员潘家华接受中央纪委国...,https://www.ccdi.gov.cn/scdcn/zggb/zjsc/202105/t20210511_40446.html,2021-05-11
江西省政协副主席肖毅接受纪律审查和监察调查,https://www.ccdi.gov.cn/scdcn/zggb/zjsc/202105/t20210510_40445.html,2021-05-10
山西省副省长、省公安厅厅长刘新云接受中央纪委国家监委纪律审查和监察调查,https://www.ccdi.gov.cn/scdcn/zggb/zjsc/202104/t20210409_40444.html,2021-04-09
原中央防范和处理邪教问题领导小组办公室副主任彭波接受中央纪委国家监委纪律审查和监察调查,https://www.ccdi.gov.cn/scdcn/zggb/zjsc/202103/t20210313_40442.html,2021-03-13
山东省人大常委会原副主任张新起接受中央纪委国家监委纪律审查和监察调查,https://www.ccdi.gov.cn/scdcn/zggb/zjsc/202102/t20210223_40441.html,2021-02-23
贵州省政协原主席王富玉接受纪律审查和监察调查,https://www.ccdi.gov.cn/scdcn/zggb/zjsc/202102/t20210221_40440.html,2021-02-21
原中国国电集团公司党组成员、副总经理谢长军接受审查调查,https://www.ccdi.gov.cn/scdcn/zggb/zjsc/202102/t20210208_40439.html,2021-02-08
甘肃省委常委、常务副省长宋亮接受中央纪委国家监委纪律审查和监察调查,https://www.ccdi.gov.cn/scdcn/zggb/zjsc/202102/t20210201_40438.html,2021-02-01
辽宁省政协原副主席李文喜接受中央纪委国家监委审查调查,https://www.ccdi.gov.cn/scdcn/zggb/zjsc/202101/t20210125_40437.html,2021-01-25
中国政法大学原副校长于志刚接受审查调查,https://www.ccdi.gov.cn/scdcn/zggb/zjsc/202101/t20210122_40436.html,2021-01-22
海南省委常委、三亚市委书记童道驰接受审查调查,https://www.ccdi.gov.cn/scdcn/zggb/zjsc/202011/t20201101_40435.html,2020-11-01
江苏省委常委、政法委书记王立科接受纪律审查和监察调查,https://www.ccdi.gov.cn/scdcn/zggb/zjsc/202010/t20201024_40434.html,2020-10-24
国家能源局党组成员、副局长刘宝华接受审查调查,https://www.ccdi.gov.cn/scdcn/zggb/zjsc/202010/t20201017_40433.html,2020-10-17
中央巡视组原副部级巡视专员董宏接受纪律审查和监察调查,https://www.ccdi.gov.cn/scdcn/zggb/zjsc/202010/t20201002_40432.html,2020-10-02
江西省人大常委会原副主任史文清接受纪律审查和监察调查,https://www.ccdi.gov.cn/scdcn/zggb/zjsc/202009/t20200921_40431.html,2020-09-21
青海省副省长、海西蒙古族藏族自治州委书记、柴达木循环经济试验区党工委书记文国栋接受中...,https://www.ccdi.gov.cn/scdcn/zggb/zjsc/202009/t20200906_40430.html,2020-09-06
北京市政协副主席李伟接受纪律审查和监察调查,https://www.ccdi.gov.cn/scdcn/zggb/zjsc/202008/t20200825_40429.html,2020-08-25
中粮集团有限公司党组成员、总会计师骆家駹接受审查调查,https://www.ccdi.gov.cn/scdcn/zggb/zjsc/202008/t20200818_40428.html,2020-08-18
上海市副市长、市公安局局长龚道安接受审查调查,https://www.ccdi.gov.cn/scdcn/zggb/zjsc/202008/t20200818_40427.html,2020-08-18
文化和旅游部党组副书记李金早接受中央纪委国家监委审查调查,https://www.ccdi.gov.cn/scdcn/zggb/zjsc/202007/t20200729_40426.html,2020-07-29
海南省政协副主席王勇接受中央纪委国家监委审查调查,https://www.ccdi.gov.cn/scdcn/zggb/zjsc/202007/t20200713_40425.html,2020-07-13
辽宁省政协原副主席刘国强接受中央纪委国家监委纪律审查和监察调查,https://www.ccdi.gov.cn/scdcn/zggb/zjsc/202007/t20200713_40424.html,2020-07-13
重庆市副市长、公安局局长邓恢林接受审查调查,https://www.ccdi.gov.cn/scdcn/zggb/zjsc/202006/t20200614_40423.html,2020-06-14
新疆维吾尔自治区政府副主席任华接受中央纪委国家监委纪律审查和监察调查,https://www.ccdi.gov.cn/scdcn/zggb/zjsc/202006/t20200601_40422.html,2020-06-01
原中国船舶重工集团有限公司党组书记、董事长胡问鸣接受中央纪委国家监委纪律审查和监察调查,https://www.ccdi.gov.cn/scdcn/zggb/zjsc/202005/t20200512_40421.html,2020-05-12
河北省委原常委、副省长张和接受中央纪委国家监委审查调查,https://www.ccdi.gov.cn/scdcn/zggb/zjsc/202004/t20200429_40420.html,2020-04-29
公安部党委委员、副部长孙力军接受中央纪委国家监委审查调查,https://www.ccdi.gov.cn/scdcn/zggb/zjsc/202004/t20200419_40419.html,2020-04-19
福建省委常委、副省长张志南接受中央纪委国家监委审查调查,https://www.ccdi.gov.cn/scdcn/zggb/zjsc/202004/t20200412_40418.html,2020-04-12
内蒙古自治区政协副主席马明接受中央纪委国家监委纪律审查和监察调查,https://www.ccdi.gov.cn/scdcn/zggb/zjsc/201912/t20191201_40417.html,2019-12-01
中国华电集团有限公司原党组副书记、总经理云公民接受审查调查,https://www.ccdi.gov.cn/scdcn/zggb/zjsc/201910/t20191024_40416.html,2019-10-24
黑龙江省哈尔滨市政协主席姜国文接受中央纪委国家监委纪律审查和监察调查,https://www.ccdi.gov.cn/scdcn/zggb/zjsc/201909/t20190924_40415.html,2019-09-24
海南省委常委、海口市委书记张琦接受中央纪委国家监委纪律审查和监察调查,https://www.ccdi.gov.cn/scdcn/zggb/zjsc/201909/t20190906_40414.html,2019-09-06
河北省政府党组成员、副省长李谦接受中央纪委国家监委纪律审查和监察调查,https://www.ccdi.gov.cn/scdcn/zggb/zjsc/201908/t20190827_40413.html,2019-08-27
安徽省高级人民法院原院长张坚接受中央纪委国家监委纪律审查和监察调查,https://www.ccdi.gov.cn/scdcn/zggb/zjsc/201908/t20190825_40412.html,2019-08-25
河南省政府党组成员、副省长徐光接受审查调查,https://www.ccdi.gov.cn/scdcn/zggb/zjsc/201908/t20190824_40411.html,2019-08-24
国家开发银行原党委书记、董事长胡怀邦接受纪律审查和监察调查,https://www.ccdi.gov.cn/scdcn/zggb/zjsc/201907/t20190731_40410.html,2019-07-31
吉林省人民检察院党组书记、检察长杨克勤接受纪律审查和监察调查,https://www.ccdi.gov.cn/scdcn/zggb/zjsc/201907/t20190717_40409.html,2019-07-17
内蒙古自治区党委常委、呼和浩特市委书记云光中接受纪律审查和监察调查,https://www.ccdi.gov.cn/scdcn/zggb/zjsc/201906/t20190611_40408.html,2019-06-11
中华全国供销合作总社党组副书记、理事会主任刘士余同志配合审查调查,https://www.ccdi.gov.cn/scdcn/zggb/zjsc/201905/t20190520_40407.html,2019-05-19
湖南省人大常委会副主任向力力接受中央纪委国家监委纪律审查和监察调查,https://www.ccdi.gov.cn/scdcn/zggb/zjsc/201905/t20190517_40406.html,2019-05-17
云南省委原书记秦光荣接受中央纪委国家监委纪律审查和监察调查,https://www.ccdi.gov.cn/scdcn/zggb/zjsc/201905/t20190509_40405.html,2019-05-09
四川省副省长彭宇行接受中央纪委国家监委纪律审查和监察调查,https://www.ccdi.gov.cn/scdcn/zggb/zjsc/201904/t20190428_40404.html,2019-04-28
原国家质量监督检验检疫总局副局长魏传忠接受中央纪委国家监委审查调查,https://www.ccdi.gov.cn/scdcn/zggb/zjsc/201903/t20190315_40403.html,2019-03-15
山西省人大常委会原副主任张茂才接受中央纪委国家监委纪律审查和监察调查,https://www.ccdi.gov.cn/scdcn/zggb/zjsc/201903/t20190303_40402.html,2019-03-02
中信集团原党委委员、执行董事赵景文接受中央纪委国家监委纪律审查和监察调查,https://www.ccdi.gov.cn/scdcn/zggb/zjsc/201902/t20190220_40401.html,2019-02-20
国家烟草专卖局党组成员、副局长赵洪顺接受中央纪委国家监委纪律审查和监察调查,https://www.ccdi.gov.cn/scdcn/zggb/zjsc/201902/t20190216_40400.html,2019-02-16
陕西省委原书记赵正永接受中央纪委国家监委纪律审查和监察调查,https://www.ccdi.gov.cn/scdcn/zggb/zjsc/201901/t20190115_40399.html,2019-01-15
中国科协党组成员、书记处书记陈刚接受中央纪委国家监委纪律审查和监察调查,https://www.ccdi.gov.cn/scdcn/zggb/zjsc/201901/t20190106_40398.html,2019-01-06
江苏省副省长缪瑞林接受中央纪委国家监委纪律审查和监察调查,https://www.ccdi.gov.cn/scdcn/zggb/zjsc/201811/t20181115_40397.html,2018-11-15
陕西省委常委、秘书长钱引安涉嫌严重违纪违法接受中央纪委国家监委纪律审查和监察调查,https://www.ccdi.gov.cn/scdcn/zggb/zjsc/201811/t20181101_40396.html,2018-11-01
内蒙古自治区人大常委会原副主任邢云涉嫌严重违纪违法接受纪律审查和监察调查,https://www.ccdi.gov.cn/scdcn/zggb/zjsc/201810/t20181025_40395.html,2018-10-25
公安部副部长孟宏伟涉嫌违法接受国家监委监察调查,https://www.ccdi.gov.cn/scdcn/zggb/zjsc/201810/t20181008_40394.html,2018-10-07
国家发改委副主任、国家能源局局长努尔·白克力接受纪律审查和监察调查,https://www.ccdi.gov.cn/scdcn/zggb/zjsc/201809/t20180921_40393.html,2018-09-21
河南省政协原副主席靳绥东接受中央纪委国家监委纪律审查和监察调查,https://www.ccdi.gov.cn/scdcn/zggb/zjsc/201809/t20180918_40392.html,2018-09-18
北京市政协原副主席李士祥接受中央纪委国家监委纪律审查和监察调查,https://www.ccdi.gov.cn/scdcn/zggb/zjsc/201809/t20180915_40391.html,2018-09-15
吉林省纪委副书记、省监委副主任邱大明接受纪律审查和监察调查,https://www.ccdi.gov.cn/scdcn/zggb/zjsc/201809/t20180911_40390.html,2018-09-11
吉林省政协原副主席王尔智接受中央纪委国家监委纪律审查和监察调查,https://www.ccdi.gov.cn/scdcn/zggb/zjsc/201808/t20180825_40389.html,2018-08-25
河南省人大常委会党组副书记王铁接受纪律审查和监察调查,https://www.ccdi.gov.cn/scdcn/zggb/zjsc/201808/t20180817_40388.html,2018-08-17
原国家食品药品监督管理总局党组成员、副局长吴浈接受纪律审查和监察调查,https://www.ccdi.gov.cn/scdcn/zggb/zjsc/201808/t20180816_40387.html,2018-08-16
河北省政协原副主席艾文礼接受中央纪委国家监委纪律审查和监察调查,https://www.ccdi.gov.cn/scdcn/zggb/zjsc/201807/t20180731_40386.html,2018-07-31
广东省委常委、统战部部长曾志权接受中央纪委国家监委纪律审查和监察调查,https://www.ccdi.gov.cn/scdcn/zggb/zjsc/201807/t20180711_40385.html,2018-07-11
中国船舶重工集团有限公司党组副书记、总经理孙波接受中央纪委国家监委纪律审查和监察调查,https://www.ccdi.gov.cn/scdcn/zggb/zjsc/201806/t20180616_40384.html,2018-06-16
财政部原党组副书记、副部长张少春接受中央纪委国家监委纪律审查和监察调查,https://www.ccdi.gov.cn/scdcn/zggb/zjsc/201805/t20180507_40383.html,2018-05-07
贵州省副省长蒲波涉嫌严重违纪违法接受中央纪委国家监委纪律审查和监察调查,https://www.ccdi.gov.cn/scdcn/zggb/zjsc/201805/t20180504_40382.html,2018-05-04
内蒙古自治区政府副主席白向群接受中央纪委国家监委纪律审查和监察调查,https://www.ccdi.gov.cn/scdcn/zggb/zjsc/201804/t20180425_40381.html,2018-04-25
贵州省委原常委、副省长王晓光涉嫌严重违纪违法接受纪律审查和监察调查,https://www.ccdi.gov.cn/scdcn/zggb/zjsc/201804/t20180402_40379.html,2018-04-01
国家能源局党组成员、副局长王晓林涉嫌严重违纪接受组织审查,https://www.ccdi.gov.cn/scdcn/zggb/zjsc/201801/t20180123_40378.html,2018-01-23
江西省副省长李贻煌涉嫌严重违纪接受组织审查,https://www.ccdi.gov.cn/scdcn/zggb/zjsc/201801/t20180117_40377.html,2018-01-17
山东省副省长季缃绮涉嫌严重违纪接受组织审查,https://www.ccdi.gov.cn/scdcn/zggb/zjsc/201801/t20180104_40376.html,2018-01-04
陕西省副省长冯新柱接受组织审查,https://www.ccdi.gov.cn/scdcn/zggb/zjsc/201801/t20180103_40375.html,2018-01-03
河北省人大常委会副主任张杰辉接受组织审查,https://www.ccdi.gov.cn/scdcn/zggb/zjsc/201712/t20171212_40374.html,2017-12-12
辽宁省副省长刘强涉嫌严重违纪接受组织审查,https://www.ccdi.gov.cn/scdcn/zggb/zjsc/201711/t20171123_40373.html,2017-11-23
中共中央宣传部原副部长鲁炜涉嫌严重违纪接受组织审查,https://www.ccdi.gov.cn/scdcn/zggb/zjsc/201711/t20171121_40372.html,2017-11-21
中央纪委驻财政部纪检组组长、财政部党组成员莫建成接受组织审查,https://www.ccdi.gov.cn/scdcn/zggb/zjsc/201708/t20170827_40371.html,2017-08-27
中共中央决定 对孙政才同志涉嫌严重违纪问题立案审查,https://www.ccdi.gov.cn/scdcn/zggb/zjsc/201707/t20170725_40370.html,2017-07-24
十二届全国人大教科文卫委员会副主任委员王三运接受组织审查,https://www.ccdi.gov.cn/scdcn/zggb/zjsc/201707/t20170711_40369.html,2017-07-11
湖北省政协副主席刘善桥涉嫌严重违纪接受组织审查,https://www.ccdi.gov.cn/scdcn/zggb/zjsc/201706/t20170626_40368.html,2017-06-26
中国银监会党委委员、主席助理杨家才接受组织审查,https://www.ccdi.gov.cn/scdcn/zggb/zjsc/201705/t20170523_40367.html,2017-05-23
陕西省人大常委会党组副书记、副主任魏民洲接受组织审查,https://www.ccdi.gov.cn/scdcn/zggb/zjsc/201705/t20170522_40366.html,2017-05-22
安徽省副省长周春雨涉嫌严重违纪接受组织审查,https://www.ccdi.gov.cn/scdcn/zggb/zjsc/201704/t20170426_40365.html,2017-04-26
中央巡视组原副部级巡视专员张化为涉嫌严重违纪接受组织审查,https://www.ccdi.gov.cn/scdcn/zggb/zjsc/201704/t20170417_40364.html,2017-04-17
河北省人大常委会党组书记、副主任杨崇勇涉嫌严重违纪接受组织审查,https://www.ccdi.gov.cn/scdcn/zggb/zjsc/201704/t20170411_40363.html,2017-04-11
中国保险监督管理委员会党委书记、主席项俊波接受组织审查,https://www.ccdi.gov.cn/scdcn/zggb/zjsc/201704/t20170409_40362.html,2017-04-09
十二届全国政协常委、港澳台侨委员会主任孙怀山涉嫌严重违纪接受组织审查,https://www.ccdi.gov.cn/scdcn/zggb/zjsc/201703/t20170302_40361.html,2017-03-02
上海市人民检察院原检察长陈旭涉嫌严重违纪接受组织审查,https://www.ccdi.gov.cn/scdcn/zggb/zjsc/201703/t20170301_40360.html,2017-03-01
辽宁省人大常委会副主任李文科涉嫌严重违纪接受组织审查,https://www.ccdi.gov.cn/scdcn/zggb/zjsc/201702/t20170228_40359.html,2017-02-28
中国人民保险集团股份有限公司党委副书记、副董事长、总裁王银成涉嫌严重违纪接受组织审查,https://www.ccdi.gov.cn/scdcn/zggb/zjsc/201702/t20170223_40358.html,2017-02-23
甘肃省委常委、副省长虞海燕涉嫌严重违纪接受组织调查,https://www.ccdi.gov.cn/scdcn/zggb/zjsc/201701/t20170111_40357.html,2017-01-11
司法部党组成员、政治部主任卢恩光涉嫌严重违纪接受组织调查,https://www.ccdi.gov.cn/scdcn/zggb/zjsc/201612/t20161216_40356.html,2016-12-16
河南省委原常委、政法委书记吴天君接受组织调查,https://www.ccdi.gov.cn/scdcn/zggb/zjsc/201611/t20161111_40355.html,2016-11-11
湖南省委常委、宣传部部长张文雄涉嫌严重违纪接受组织调查,https://www.ccdi.gov.cn/scdcn/zggb/zjsc/201611/t20161108_40354.html,2016-11-08
安徽省副省长陈树隆涉嫌严重违纪接受组织调查,https://www.ccdi.gov.cn/scdcn/zggb/zjsc/201611/t20161108_40353.html,2016-11-08
天津市委代理书记、市长黄兴国涉嫌严重违纪接受组织调查,https://www.ccdi.gov.cn/scdcn/zggb/zjsc/201609/t20160911_40352.html,2016-09-10
天津市副市长尹海林涉嫌严重违纪接受组织调查,https://www.ccdi.gov.cn/scdcn/zggb/zjsc/201608/t20160822_40351.html,2016-08-22
国家开发银行原监事长姚中民涉嫌严重违纪接受组织调查,https://www.ccdi.gov.cn/scdcn/zggb/zjsc/201607/t20160704_40350.html,2016-06-06
江苏省委常委、副省长李云峰涉嫌严重违纪接受组织调查,https://www.ccdi.gov.cn/scdcn/zggb/zjsc/201607/t20160704_40349.html,2016-05-30
安徽省副省长杨振超涉嫌严重违纪接受组织调查,https://www.ccdi.gov.cn/scdcn/zggb/zjsc/201607/t20160704_40348.html,2016-05-24
河北省委常委、政法委书记张越接受组织调查,https://www.ccdi.gov.cn/scdcn/zggb/zjsc/201607/t20160704_40347.html,2016-04-16
四川省原副省长李成云接受组织调查,https://www.ccdi.gov.cn/scdcn/zggb/zjsc/201607/t20160704_40346.html,2016-04-09
辽宁省委常委、政法委书记苏宏章接受组织调查,https://www.ccdi.gov.cn/scdcn/zggb/zjsc/201607/t20160704_40345.html,2016-04-06
山东省济南市委副书记、市长杨鲁豫接受组织调查,https://www.ccdi.gov.cn/scdcn/zggb/zjsc/201607/t20160704_40344.html,2016-04-06
广东省委常委、珠海市委书记李嘉接受组织调查,https://www.ccdi.gov.cn/scdcn/zggb/zjsc/201607/t20160704_40343.html,2016-03-23
辽宁省人大常委会副主任王阳接受组织调查,https://www.ccdi.gov.cn/scdcn/zggb/zjsc/201607/t20160704_40342.html,2016-03-16
浙江省宁波市委副书记、市长卢子跃接受组织调查,https://www.ccdi.gov.cn/scdcn/zggb/zjsc/201607/t20160704_40341.html,2016-03-16
十二届全国人大教科文卫委员会副主任委员王珉被调查,https://www.ccdi.gov.cn/scdcn/zggb/zjsc/201607/t20160704_40340.html,2016-03-04
中化集团公司党组成员、董事、总经理蔡希有被调查,https://www.ccdi.gov.cn/scdcn/zggb/zjsc/201607/t20160704_40339.html,2016-02-06
广东省副省长刘志庚涉嫌严重违纪接受组织调查,https://www.ccdi.gov.cn/scdcn/zggb/zjsc/201607/t20160704_40338.html,2016-02-04
国家统计局党组书记、局长王保安接受组织调查,https://www.ccdi.gov.cn/scdcn/zggb/zjsc/201607/t20160704_40337.html,2016-01-26
中共中央台办、国务院台办副主任龚清概接受组织调查,https://www.ccdi.gov.cn/scdcn/zggb/zjsc/201607/t20160704_40336.html,2016-01-19
河南省委常委、洛阳市委书记陈雪枫接受组织调查,https://www.ccdi.gov.cn/scdcn/zggb/zjsc/201607/t20160704_40335.html,2016-01-16
中国电信党组书记董事长常小兵涉嫌严重违纪被调查,https://www.ccdi.gov.cn/scdcn/zggb/zjsc/201607/t20160704_40334.html,2015-12-27
黑龙江省人大常委会党组书记、副主任盖如垠接受组织调查,https://www.ccdi.gov.cn/scdcn/zggb/zjsc/201607/t20160704_40333.html,2015-12-08
中国民用航空局党组成员、副局长周来振接受组织调查,https://www.ccdi.gov.cn/scdcn/zggb/zjsc/201607/t20160704_40332.html,2015-11-24
中国证券监督管理委员会党委委员、副主席姚刚被调查,https://www.ccdi.gov.cn/scdcn/zggb/zjsc/201607/t20160704_40331.html,2015-11-13
北京市委副书记吕锡文涉嫌严重违纪接受组织调查,https://www.ccdi.gov.cn/scdcn/zggb/zjsc/201607/t20160704_40330.html,2015-11-11
上海市委常委、副市长艾宝俊涉嫌严重违纪接受组织调查,https://www.ccdi.gov.cn/scdcn/zggb/zjsc/201607/t20160704_40329.html,2015-11-10
宁夏回族自治区政府副主席白雪山接受组织调查,https://www.ccdi.gov.cn/scdcn/zggb/zjsc/201607/t20160704_40328.html,2015-11-06
南方航空集团公司党组副书记、总经理司献民接受调查,https://www.ccdi.gov.cn/scdcn/zggb/zjsc/201607/t20160704_40327.html,2015-11-04
东风汽车公司党委副书记、董事、总经理朱福寿被调查,https://www.ccdi.gov.cn/scdcn/zggb/zjsc/201607/t20160704_40326.html,2015-11-02
福建省委副书记、省长苏树林涉嫌严重违纪接受组织调查,https://www.ccdi.gov.cn/scdcn/zggb/zjsc/201607/t20160704_40325.html,2015-10-07
国家宗教事务局党组成员、副局长张乐斌接受组织调查,https://www.ccdi.gov.cn/scdcn/zggb/zjsc/201607/t20160704_40324.html,2015-09-22
中国证监会主席助理张育军接受组织调查,https://www.ccdi.gov.cn/scdcn/zggb/zjsc/201607/t20160704_40323.html,2015-09-16
武汉钢铁(集团)公司原董事长、党委书记邓崎琳被调查,https://www.ccdi.gov.cn/scdcn/zggb/zjsc/201607/t20160704_40322.html,2015-08-29
国家安全生产监督管理总局局长、党组书记杨栋梁被调查,https://www.ccdi.gov.cn/scdcn/zggb/zjsc/201607/t20160704_40321.html,2015-08-18
吉林省副省长谷春立涉嫌严重违纪违法接受组织调查,https://www.ccdi.gov.cn/scdcn/zggb/zjsc/201607/t20160704_40320.html,2015-08-01
环境保护部原副部长、党组成员张力军接受组织调查,https://www.ccdi.gov.cn/scdcn/zggb/zjsc/201607/t20160704_40319.html,2015-07-30
河北省委书记、省人大常委会主任周本顺接受组织调查,https://www.ccdi.gov.cn/scdcn/zggb/zjsc/201607/t20160704_40318.html,2015-07-24
最高人民法院副院长、党组成员奚晓明接受组织调查,https://www.ccdi.gov.cn/scdcn/zggb/zjsc/201607/t20160704_40317.html,2015-07-12
西藏自治区人大常委会副主任乐大克接受组织调查,https://www.ccdi.gov.cn/scdcn/zggb/zjsc/201607/t20160704_40316.html,2015-06-26
国家体育总局副局长肖天涉嫌严重违纪违法接受组织调查,https://www.ccdi.gov.cn/scdcn/zggb/zjsc/201607/t20160704_40315.html,2015-06-25
广西壮族自治区党委常委、南宁市委书记余远辉被调查,https://www.ccdi.gov.cn/scdcn/zggb/zjsc/201607/t20160704_40314.html,2015-05-22
中国石油化工集团公司总经理王天普接受组织调查,https://www.ccdi.gov.cn/scdcn/zggb/zjsc/201607/t20160704_40313.html,2015-04-27
广东省纪委副书记、省监察厅厅长钟世坚接受组织调查,https://www.ccdi.gov.cn/scdcn/zggb/zjsc/201607/t20160704_40312.html,2015-04-01
福建省副省长徐钢涉嫌严重违纪违法接受组织调查,https://www.ccdi.gov.cn/scdcn/zggb/zjsc/201607/t20160704_40311.html,2015-03-20
中国石油天然气集团公司总经理廖永远被调查,https://www.ccdi.gov.cn/scdcn/zggb/zjsc/201607/t20160704_40310.html,2015-03-16
中国第一汽车集团公司董事长、党委书记徐建一被调查,https://www.ccdi.gov.cn/scdcn/zggb/zjsc/201607/t20160704_40309.html,2015-03-15
云南省委副书记仇和涉嫌严重违纪违法接受组织调查,https://www.ccdi.gov.cn/scdcn/zggb/zjsc/201607/t20160704_40308.html,2015-03-15
新疆维吾尔自治区人大常委会原副主任栗智接受组织调查,https://www.ccdi.gov.cn/scdcn/zggb/zjsc/201607/t20160704_40307.html,2015-03-11
河北省委常委、秘书长景春华接受组织调查,https://www.ccdi.gov.cn/scdcn/zggb/zjsc/201607/t20160704_40306.html,2015-03-03
浙江省政协原党组副书记、副主席斯鑫良接受组织调查,https://www.ccdi.gov.cn/scdcn/zggb/zjsc/201607/t20160704_40305.html,2015-02-16
甘肃省人大常委会副主任、党组副书记陆武成接受调查,https://www.ccdi.gov.cn/scdcn/zggb/zjsc/201607/t20160704_40304.html,2015-01-23
国家旅游局副局长、党组成员霍克接受组织调查,https://www.ccdi.gov.cn/scdcn/zggb/zjsc/201607/t20160704_40303.html,2015-01-16
国家安全部副部长、党委委员马建接受组织调查,https://www.ccdi.gov.cn/scdcn/zggb/zjsc/201607/t20160704_40302.html,2015-01-16
江苏省委常委、南京市委书记杨卫泽接受组织调查,https://www.ccdi.gov.cn/scdcn/zggb/zjsc/201607/t20160704_40301.html,2015-01-04
国家工商总局副局长、党组成员孙鸿志接受调查,https://www.ccdi.gov.cn/scdcn/zggb/zjsc/201607/t20160704_40300.html,2014-12-26
全国政协副主席、中共中央统战部部长令计划接受调查,https://www.ccdi.gov.cn/scdcn/zggb/zjsc/201607/t20160704_40299.html,2014-12-22
黑龙江省委常委韩学键涉嫌严重违纪违法接受组织调查,https://www.ccdi.gov.cn/scdcn/zggb/zjsc/201607/t20160704_40298.html,2014-12-22
山东省委常委、济南市委书记王敏接受组织调查,https://www.ccdi.gov.cn/scdcn/zggb/zjsc/201607/t20160704_40297.html,2014-12-18
广东省政协主席朱明国涉嫌严重违纪违法接受组织调查,https://www.ccdi.gov.cn/scdcn/zggb/zjsc/201607/t20160704_40296.html,2014-11-28
黑龙江省人大常委会副主任、省农垦总局党委书记隋凤富涉嫌严重违纪违法接受组织调查,https://www.ccdi.gov.cn/scdcn/zggb/zjsc/201607/t20160704_40295.html,2014-11-27
河北省委常委、组织部部长梁滨接受组织调查,https://www.ccdi.gov.cn/scdcn/zggb/zjsc/201607/t20160704_40294.html,2014-11-20
国家行政学院常务副院长何家成接受组织调查,https://www.ccdi.gov.cn/scdcn/zggb/zjsc/201607/t20160704_40293.html,2014-10-11
江苏省委原常委、秘书长赵少麟接受组织调查,https://www.ccdi.gov.cn/scdcn/zggb/zjsc/201607/t20160704_40292.html,2014-10-11
河南省人大常委会党组书记秦玉海接受组织调查,https://www.ccdi.gov.cn/scdcn/zggb/zjsc/201607/t20160704_40291.html,2014-09-21
内蒙古自治区党委常委、区政府副主席潘逸阳接受调查,https://www.ccdi.gov.cn/scdcn/zggb/zjsc/201607/t20160704_40290.html,2014-09-17
中国铝业公司总经理孙兆学接受组织调查,https://www.ccdi.gov.cn/scdcn/zggb/zjsc/201607/t20160704_40289.html,2014-09-15
山西省副省长任润厚接受组织调查,https://www.ccdi.gov.cn/scdcn/zggb/zjsc/201607/t20160704_40288.html,2014-08-29
十二届全国人大环资委副主任委员白恩培接受组织调查,https://www.ccdi.gov.cn/scdcn/zggb/zjsc/201607/t20160704_40287.html,2014-08-29
山西省委常委、统战部部长白云接受组织调查,https://www.ccdi.gov.cn/scdcn/zggb/zjsc/201607/t20160704_40286.html,2014-08-29
山西省委常委、秘书长聂春玉接受组织调查,https://www.ccdi.gov.cn/scdcn/zggb/zjsc/201607/t20160704_40285.html,2014-08-23
山西省委常委、太原市委书记陈川平接受组织调查,https://www.ccdi.gov.cn/scdcn/zggb/zjsc/201607/t20160704_40284.html,2014-08-23
中共中央决定对周永康严重违纪问题立案审查,https://www.ccdi.gov.cn/scdcn/zggb/zjsc/201607/t20160704_40283.html,2014-07-29
辽宁省政协副主席陈铁新接受组织调查,https://www.ccdi.gov.cn/scdcn/zggb/zjsc/201607/t20160704_40282.html,2014-07-24
山西省纪委常务副书记杨森林接受组织调查,https://www.ccdi.gov.cn/scdcn/zggb/zjsc/201607/t20160704_40281.html,2014-07-23
天津市政协副主席武长顺接受组织调查,https://www.ccdi.gov.cn/scdcn/zggb/zjsc/201607/t20160704_40280.html,2014-07-20
安徽省政协副主席韩先聪接受组织调查,https://www.ccdi.gov.cn/scdcn/zggb/zjsc/201607/t20160704_40279.html,2014-07-12
海南省委常委、副省长谭力接受组织调查,https://www.ccdi.gov.cn/scdcn/zggb/zjsc/201607/t20160704_40278.html,2014-07-08
广东省委常委、广州市委书记万庆良接受组织调查,https://www.ccdi.gov.cn/scdcn/zggb/zjsc/201607/t20160704_40277.html,2014-06-27
山西省委常委、副省长杜善学接受组织调查,https://www.ccdi.gov.cn/scdcn/zggb/zjsc/201607/t20160704_40276.html,2014-06-19
山西省政协副主席令政策接受组织调查,https://www.ccdi.gov.cn/scdcn/zggb/zjsc/201607/t20160704_40275.html,2014-06-19
政协第十二届全国委员会副主席苏荣接受调查,https://www.ccdi.gov.cn/scdcn/zggb/zjsc/201607/t20160704_40274.html,2014-06-14
湖南省政协原党组副书记、副主席阳宝华接受组织调查,https://www.ccdi.gov.cn/scdcn/zggb/zjsc/201607/t20160704_40273.html,2014-05-26
香港中旅(集团)总经理王帅廷接受组织调查,https://www.ccdi.gov.cn/scdcn/zggb/zjsc/201607/t20160704_40272.html,2014-05-16
重庆市人大常委会副主任谭栖伟接受组织调查,https://www.ccdi.gov.cn/scdcn/zggb/zjsc/201607/t20160704_40271.html,2014-05-03
青海省委常委、西宁市委书记毛小兵接受组织调查,https://www.ccdi.gov.cn/scdcn/zggb/zjsc/201607/t20160704_40270.html,2014-04-24
华润集团董事长、党委书记宋林接受组织调查,https://www.ccdi.gov.cn/scdcn/zggb/zjsc/201607/t20160704_40269.html,2014-04-17
中国科协党组书记、常务副主席申维辰接受组织调查,https://www.ccdi.gov.cn/scdcn/zggb/zjsc/201607/t20160704_40268.html,2014-04-12
江西省副省长姚木根正接受组织调查,https://www.ccdi.gov.cn/scdcn/zggb/zjsc/201607/t20160704_40267.html,2014-03-22
云南省副省长沈培平涉嫌严重违纪违法接受组织调查,https://www.ccdi.gov.cn/scdcn/zggb/zjsc/201607/t20160704_40266.html,2014-03-09
山西省人大常委会副主任金道铭接受组织调查,https://www.ccdi.gov.cn/scdcn/zggb/zjsc/201607/t20160704_40265.html,2014-02-27
陕西省政协副主席祝作利涉嫌严重违纪违法被立案调查,https://www.ccdi.gov.cn/scdcn/zggb/zjsc/201607/t20160704_40264.html,2014-02-19
海南省副省长冀文林涉嫌严重违纪违法被立案调查,https://www.ccdi.gov.cn/scdcn/zggb/zjsc/201607/t20160704_40263.html,2014-02-18
四川省政协主席李崇禧涉嫌严重违纪违法接受组织调查,https://www.ccdi.gov.cn/scdcn/zggb/zjsc/201607/t20160704_40262.html,2013-12-29
政协第十二届全国委员会经济委员会副主任杨刚涉嫌严重违纪违法接受组织调查,https://www.ccdi.gov.cn/scdcn/zggb/zjsc/201607/t20160704_40261.html,2013-12-27
中央防范和处理邪教问题领导小组副组长、办公室主任，公安部党委副书记、副部长李东生涉嫌...,https://www.ccdi.gov.cn/scdcn/zggb/zjsc/201607/t20160704_40260.html,2013-12-20
湖南省政协副主席童名谦正接受组织调查,https://www.ccdi.gov.cn/scdcn/zggb/zjsc/201607/t20160704_40259.html,2013-12-18
江西省人大常委会副主任陈安众正接受组织调查,https://www.ccdi.gov.cn/scdcn/zggb/zjsc/201607/t20160704_40258.html,2013-12-06
中国出口信用保险公司副总经理戴春宁接受组织调查,https://www.ccdi.gov.cn/scdcn/zggb/zjsc/201607/t20160704_40257.html,2013-12-01
国家信访局副局长许杰涉嫌严重违纪违法接受组织调查,https://www.ccdi.gov.cn/scdcn/zggb/zjsc/201607/t20160704_40256.html,2013-11-28
湖北省副省长郭有明涉嫌严重违纪违法接受调查,https://www.ccdi.gov.cn/scdcn/zggb/zjsc/201607/t20160704_40255.html,2013-11-27
湖北省政协原副主席陈柏槐涉嫌严重违纪违法正接受组织调查,https://www.ccdi.gov.cn/scdcn/zggb/zjsc/201607/t20160704_40254.html,2013-11-19
贵州省委常委廖少华涉嫌严重违纪违法正接受调查,https://www.ccdi.gov.cn/scdcn/zggb/zjsc/201607/t20160704_40253.html,2013-10-28
南京市委副书记、市长季建业涉嫌严重违纪违法正接受调查,https://www.ccdi.gov.cn/scdcn/zggb/zjsc/201607/t20160704_40252.html,2013-10-17
中国外文局副局长齐平景涉嫌严重违纪违法正接受调查,https://www.ccdi.gov.cn/scdcn/zggb/zjsc/201607/t20160704_40251.html,2013-10-11
国务院国资委主任蒋洁敏涉嫌严重违纪正接受组织调查,https://www.ccdi.gov.cn/scdcn/zggb/zjsc/201511/t20151120_40250.html,2013-09-01
中石油大庆油田公司总经理王永春涉嫌严重违纪正接受调查,https://www.ccdi.gov.cn/scdcn/zggb/zjsc/201511/t20151120_40249.html,2013-08-26
广西政协副主席李达球涉嫌严重违纪正接受调查,https://www.ccdi.gov.cn/scdcn/zggb/zjsc/201511/t20151119_40248.html,2013-07-06
内蒙古统战部长王素毅涉嫌严重违纪正接受调查,https://www.ccdi.gov.cn/scdcn/zggb/zjsc/201511/t20151119_40247.html,2013-06-30
四川省文联主席郭永祥涉嫌严重违纪正接受调查,https://www.ccdi.gov.cn/scdcn/zggb/zjsc/201511/t20151119_40246.html,2013-06-22
安徽原副省长倪发科涉嫌严重违纪正接受调查,https://www.ccdi.gov.cn/scdcn/zggb/zjsc/201607/t20160704_40245.html,2013-06-04
四川省委副书记李春城涉嫌严重违纪接受调查,https://www.ccdi.gov.cn/scdcn/zggb/zjsc/201607/t20160704_40244.html,2012-12-06
